Poor Sleep Risk,age_group,Mean_Weight_Change,Count
No,Adults (20-29),0.21426651770163205,9
No,Early Career (30-39),1.5777777777777777,9
No,Middle-aged (40-49),2.9571428571428573,7
No,Preretirement (50-64),-0.09828164196628979,11
No,Teenagers (<20),1.9500000000000002,2
Yes,Adults (20-29),-3.028149412611622,15
Yes,Early Career (30-39),-7.72982563387493,14
Yes,Middle-aged (40-49),-6.289958435492405,17
Yes,Preretirement (50-64),-2.0918011454189553,12
Yes,Teenagers (<20),-7.989567759002872,4
