High Stress Risk,age_group,Mean_Weight_Change,Count
No,Adults (20-29),-0.31473736329203905,16
No,Early Career (30-39),0.33805068267481314,16
No,Middle-aged (40-49),-0.20821220558037634,17
No,Preretirement (50-64),-0.1510523771487445,16
No,Teenagers (<20),-2.181628071630195,5
Yes,Adults (20-29),-4.807255589648378,8
Yes,Early Career (30-39),-14.20376711386372,7
Yes,Middle-aged (40-49),-11.8128122726435,7
Yes,Preretirement (50-64),-3.3951248246109627,7
Yes,Teenagers (<20),-17.150130677860513,1
